location,age,total,numLT5,roof
CentralLuzon,65,0,0,Predominantly Strong Material
MetroManila,75,3,0,Predominantly Strong Material
DavaoRegion,54,4,0,Predominantly Strong Material
Visayas,49,3,0,Predominantly Strong Material
MetroManila,74,3,0,Predominantly Strong Material
Visayas,59,6,0,Predominantly Strong Material
MetroManila,54,5,0,Predominantly Strong Material
Visayas,41,5,0,Predominantly Strong Material
Visayas,50,6,0,Predominantly Strong Material
CentralLuzon,59,4,0,Predominantly Strong Material
CentralLuzon,72,2,0,Predominantly Strong Material
MetroManila,36,3,1,Predominantly Strong Material
CentralLuzon,42,7,0,Predominantly Strong Material
DavaoRegion,39,4,1,Predominantly Light/Salvaged Material
CentralLuzon,65,5,0,Predominantly Strong Material
DavaoRegion,56,4,1,Predominantly Strong Material
Visayas,57,2,1,Predominantly Light/Salvaged Material
IlocosRegion,59,2,0,Predominantly Strong Material
Visayas,66,2,0,Predominantly Strong Material
IlocosRegion,47,5,0,Predominantly Light/Salvaged Material
MetroManila,66,10,0,Predominantly Strong Material
MetroManila,36,4,0,Predominantly Light/Salvaged Material
Visayas,47,6,1,Predominantly Strong Material
DavaoRegion,53,4,1,Predominantly Strong Material
Visayas,63,1,0,Predominantly Strong Material
IlocosRegion,47,5,0,Predominantly Strong Material
Visayas,60,3,0,Predominantly Strong Material
MetroManila,76,0,0,Predominantly Strong Material
DavaoRegion,76,1,0,Predominantly Strong Material
Visayas,37,2,0,Predominantly Strong Material
Visayas,61,0,0,Predominantly Light/Salvaged Material
Visayas,56,9,1,Predominantly Strong Material
MetroManila,24,3,1,Predominantly Strong Material
Visayas,57,1,0,Predominantly Light/Salvaged Material
Visayas,70,7,1,Predominantly Strong Material
MetroManila,55,3,0,Predominantly Strong Material
Visayas,62,5,0,Predominantly Light/Salvaged Material
CentralLuzon,55,5,0,Predominantly Strong Material
DavaoRegion,29,2,0,Predominantly Strong Material
CentralLuzon,54,3,0,Predominantly Strong Material
IlocosRegion,70,4,0,Predominantly Light/Salvaged Material
IlocosRegion,53,4,0,Predominantly Strong Material
CentralLuzon,43,5,0,Predominantly Strong Material
MetroManila,56,3,0,Predominantly Strong Material
Visayas,38,10,4,Predominantly Light/Salvaged Material
MetroManila,39,1,0,Predominantly Strong Material
Visayas,48,1,0,Predominantly Strong Material
Visayas,77,7,1,Predominantly Strong Material
Visayas,67,1,0,Predominantly Strong Material
DavaoRegion,50,8,1,Predominantly Strong Material
Visayas,62,0,0,Predominantly Strong Material
IlocosRegion,74,3,0,Predominantly Strong Material
MetroManila,49,3,0,Predominantly Light/Salvaged Material
MetroManila,60,6,1,Predominantly Strong Material
DavaoRegion,48,2,0,Predominantly Strong Material
MetroManila,50,1,0,Predominantly Light/Salvaged Material
MetroManila,49,1,0,Predominantly Strong Material
Visayas,51,11,1,Predominantly Strong Material
DavaoRegion,65,2,0,Predominantly Strong Material
DavaoRegion,44,4,0,Predominantly Strong Material
DavaoRegion,47,5,0,Predominantly Strong Material
MetroManila,50,1,0,Predominantly Strong Material
IlocosRegion,70,0,0,Predominantly Strong Material
CentralLuzon,54,3,0,Predominantly Light/Salvaged Material
Visayas,45,8,2,Predominantly Strong Material
CentralLuzon,40,5,0,Predominantly Strong Material
Visayas,65,6,1,Predominantly Strong Material
DavaoRegion,48,2,0,Predominantly Strong Material
MetroManila,39,3,1,Predominantly Strong Material
CentralLuzon,53,3,0,Predominantly Strong Material
Visayas,55,4,0,Predominantly Strong Material
Visayas,48,5,1,Predominantly Strong Material
Visayas,30,2,0,Predominantly Strong Material
Visayas,32,4,1,Predominantly Strong Material
MetroManila,56,0,0,Predominantly Strong Material
CentralLuzon,32,3,0,Predominantly Strong Material
Visayas,53,0,0,Predominantly Strong Material
MetroManila,42,3,0,Predominantly Strong Material
CentralLuzon,63,7,0,Predominantly Strong Material
DavaoRegion,69,0,0,Predominantly Strong Material
Visayas,74,1,0,Predominantly Strong Material
CentralLuzon,48,7,0,Predominantly Strong Material
IlocosRegion,84,1,0,Predominantly Strong Material
CentralLuzon,51,3,1,Predominantly Strong Material
IlocosRegion,50,7,1,Predominantly Light/Salvaged Material
MetroManila,37,3,0,Predominantly Strong Material
Visayas,56,15,1,Predominantly Strong Material
Visayas,65,2,1,Predominantly Strong Material
Visayas,60,2,1,Predominantly Light/Salvaged Material
Visayas,45,4,1,Predominantly Light/Salvaged Material
DavaoRegion,36,4,0,Predominantly Strong Material
Visayas,49,7,2,Predominantly Strong Material
Visayas,39,5,0,Predominantly Strong Material
Visayas,72,0,0,Predominantly Strong Material
MetroManila,43,4,0,Predominantly Strong Material
Visayas,59,2,0,Predominantly Strong Material
Visayas,64,5,1,Predominantly Strong Material
CentralLuzon,64,2,0,Predominantly Strong Material
Visayas,49,3,0,Predominantly Strong Material
Visayas,42,4,1,Predominantly Strong Material
MetroManila,38,2,0,Predominantly Strong Material
CentralLuzon,44,4,1,Predominantly Strong Material
IlocosRegion,74,2,0,Predominantly Strong Material
DavaoRegion,65,2,0,Predominantly Strong Material
DavaoRegion,50,3,0,Predominantly Strong Material
Visayas,47,5,1,Predominantly Strong Material
MetroManila,52,5,1,Predominantly Strong Material
MetroManila,55,4,0,Predominantly Strong Material
Visayas,30,4,2,Predominantly Strong Material
Visayas,40,8,0,Predominantly Strong Material
MetroManila,83,3,0,Predominantly Strong Material
DavaoRegion,30,4,0,Predominantly Strong Material
CentralLuzon,64,1,0,Predominantly Light/Salvaged Material
Visayas,61,3,0,Predominantly Strong Material
CentralLuzon,38,3,1,Predominantly Strong Material
MetroManila,34,3,1,Predominantly Strong Material
Visayas,40,5,0,Predominantly Strong Material
CentralLuzon,69,1,0,Predominantly Strong Material
Visayas,68,3,0,Predominantly Strong Material
DavaoRegion,52,6,0,Predominantly Strong Material
Visayas,69,2,0,Predominantly Strong Material
Visayas,55,6,0,Predominantly Strong Material
IlocosRegion,78,6,2,Predominantly Strong Material
CentralLuzon,65,2,0,Predominantly Strong Material
Visayas,35,4,1,Predominantly Strong Material
CentralLuzon,71,0,0,Predominantly Strong Material
CentralLuzon,30,4,1,Predominantly Strong Material
Visayas,34,3,0,Predominantly Strong Material
Visayas,49,6,0,Predominantly Strong Material
CentralLuzon,81,5,2,Predominantly Strong Material
Visayas,47,11,1,Predominantly Strong Material
Visayas,58,3,0,Predominantly Strong Material
IlocosRegion,19,2,1,Predominantly Strong Material
DavaoRegion,61,3,0,Predominantly Strong Material
Visayas,31,3,1,Predominantly Strong Material
Visayas,34,6,1,Predominantly Strong Material
DavaoRegion,50,2,0,Predominantly Strong Material
MetroManila,36,4,0,Predominantly Light/Salvaged Material
IlocosRegion,40,5,0,Predominantly Strong Material
Visayas,36,4,0,Predominantly Strong Material
Visayas,56,2,0,Predominantly Strong Material
DavaoRegion,65,10,1,Predominantly Strong Material
IlocosRegion,73,2,0,Predominantly Strong Material
Visayas,24,2,1,Predominantly Strong Material
MetroManila,30,1,0,Predominantly Strong Material
Visayas,57,7,0,Predominantly Strong Material
DavaoRegion,44,4,0,Predominantly Strong Material
CentralLuzon,47,5,0,Predominantly Strong Material
Visayas,83,0,0,Predominantly Strong Material
MetroManila,49,4,1,Predominantly Strong Material
DavaoRegion,42,1,0,Predominantly Strong Material
Visayas,64,3,0,Predominantly Strong Material
Visayas,24,2,0,Predominantly Strong Material
Visayas,59,2,0,Predominantly Strong Material
MetroManila,68,1,0,Predominantly Strong Material
CentralLuzon,93,0,0,Predominantly Strong Material
CentralLuzon,38,3,1,Predominantly Strong Material
MetroManila,66,2,0,Predominantly Strong Material
MetroManila,43,4,1,Predominantly Strong Material
Visayas,58,3,0,Predominantly Light/Salvaged Material
DavaoRegion,33,4,1,Predominantly Strong Material
MetroManila,78,3,0,Predominantly Strong Material
MetroManila,42,0,0,Predominantly Strong Material
MetroManila,47,6,0,Predominantly Strong Material
Visayas,74,3,0,Predominantly Strong Material
IlocosRegion,29,4,1,Predominantly Light/Salvaged Material
MetroManila,41,4,0,Predominantly Strong Material
DavaoRegion,79,3,1,Predominantly Strong Material
CentralLuzon,87,1,0,Predominantly Strong Material
MetroManila,51,4,0,Predominantly Strong Material
CentralLuzon,73,4,1,Predominantly Strong Material
MetroManila,48,7,1,Predominantly Strong Material
MetroManila,67,5,1,Predominantly Strong Material
Visayas,73,1,0,Predominantly Strong Material
IlocosRegion,32,3,1,Predominantly Strong Material
IlocosRegion,84,2,0,Predominantly Strong Material
Visayas,78,5,0,Predominantly Strong Material
IlocosRegion,44,2,0,Predominantly Strong Material
DavaoRegion,76,4,0,Predominantly Strong Material
CentralLuzon,56,1,0,Predominantly Strong Material
CentralLuzon,58,2,0,Predominantly Strong Material
Visayas,50,7,0,Predominantly Strong Material
CentralLuzon,77,7,1,Predominantly Light/Salvaged Material
DavaoRegion,65,4,0,Predominantly Strong Material
MetroManila,47,6,1,Predominantly Strong Material
CentralLuzon,50,1,0,Predominantly Strong Material
MetroManila,36,3,2,Predominantly Strong Material
Visayas,58,5,1,Predominantly Strong Material
Visayas,58,5,0,Predominantly Strong Material
Visayas,29,3,1,Predominantly Strong Material
Visayas,68,8,2,Predominantly Strong Material
CentralLuzon,27,3,2,Predominantly Strong Material
MetroManila,44,5,0,Predominantly Strong Material
DavaoRegion,70,1,0,Predominantly Light/Salvaged Material
DavaoRegion,60,5,0,Predominantly Strong Material
Visayas,39,3,0,Predominantly Strong Material
DavaoRegion,50,4,0,Predominantly Strong Material
Visayas,35,4,1,Predominantly Strong Material
Visayas,88,7,0,Predominantly Strong Material
Visayas,54,5,0,Predominantly Strong Material
Visayas,58,3,0,Predominantly Strong Material
DavaoRegion,57,8,2,Predominantly Strong Material
Visayas,26,5,3,Predominantly Light/Salvaged Material
Visayas,56,3,0,Predominantly Strong Material
DavaoRegion,44,3,0,Predominantly Strong Material
Visayas,64,6,2,Predominantly Strong Material
Visayas,55,5,0,Predominantly Strong Material
DavaoRegion,59,3,0,Predominantly Strong Material
Visayas,23,2,1,Predominantly Strong Material
DavaoRegion,54,5,0,Predominantly Strong Material
IlocosRegion,41,6,0,Predominantly Strong Material
Visayas,54,2,0,Predominantly Light/Salvaged Material
Visayas,50,4,0,Predominantly Strong Material
DavaoRegion,50,4,0,Predominantly Light/Salvaged Material
IlocosRegion,49,6,0,Predominantly Light/Salvaged Material
Visayas,43,5,0,Predominantly Strong Material
Visayas,25,5,3,Predominantly Light/Salvaged Material
MetroManila,55,5,1,Predominantly Strong Material
Visayas,40,2,0,Predominantly Strong Material
MetroManila,51,4,0,Predominantly Strong Material
DavaoRegion,35,3,0,Predominantly Light/Salvaged Material
MetroManila,60,3,0,Predominantly Strong Material
DavaoRegion,39,5,0,Predominantly Light/Salvaged Material
Visayas,33,4,1,Predominantly Strong Material
Visayas,46,5,0,Predominantly Strong Material
Visayas,37,2,1,Predominantly Strong Material
MetroManila,36,6,0,Predominantly Strong Material
Visayas,50,9,2,Predominantly Strong Material
IlocosRegion,44,3,0,Predominantly Strong Material
IlocosRegion,78,1,0,Predominantly Strong Material
IlocosRegion,72,0,0,Predominantly Strong Material
Visayas,38,2,0,Predominantly Strong Material
Visayas,52,3,0,Predominantly Strong Material
IlocosRegion,40,3,0,Predominantly Strong Material
IlocosRegion,44,4,2,Predominantly Strong Material
Visayas,55,2,0,Predominantly Strong Material
Visayas,53,5,0,Predominantly Strong Material
IlocosRegion,75,1,0,Predominantly Light/Salvaged Material
CentralLuzon,20,2,0,Predominantly Strong Material
DavaoRegion,74,0,0,Predominantly Strong Material
Visayas,34,6,1,Predominantly Strong Material
Visayas,33,4,0,Predominantly Strong Material
Visayas,67,3,1,Predominantly Light/Salvaged Material
MetroManila,49,3,0,Predominantly Strong Material
IlocosRegion,35,4,1,Predominantly Strong Material
Visayas,41,7,0,Predominantly Light/Salvaged Material
IlocosRegion,38,0,0,Predominantly Strong Material
MetroManila,56,0,0,Predominantly Strong Material
DavaoRegion,63,6,1,Predominantly Strong Material
IlocosRegion,80,0,0,Predominantly Light/Salvaged Material
Visayas,80,1,0,Predominantly Strong Material
MetroManila,75,0,0,Predominantly Strong Material
Visayas,64,0,0,Predominantly Strong Material
MetroManila,60,2,0,Predominantly Strong Material
MetroManila,27,2,1,Predominantly Strong Material
MetroManila,45,3,1,Predominantly Light/Salvaged Material
IlocosRegion,39,5,3,Predominantly Strong Material
MetroManila,36,1,0,Predominantly Strong Material
Visayas,76,2,0,Predominantly Strong Material
MetroManila,51,4,1,Predominantly Strong Material
Visayas,48,5,0,Predominantly Strong Material
Visayas,71,16,3,Predominantly Strong Material
MetroManila,46,4,0,Predominantly Strong Material
Visayas,32,2,1,Predominantly Light/Salvaged Material
Visayas,73,2,0,Predominantly Strong Material
IlocosRegion,66,2,0,Predominantly Strong Material
IlocosRegion,33,5,0,Predominantly Strong Material
Visayas,57,1,0,Predominantly Strong Material
MetroManila,66,2,0,Predominantly Strong Material
Visayas,80,2,0,Predominantly Strong Material
Visayas,61,6,2,Predominantly Light/Salvaged Material
CentralLuzon,67,2,0,Predominantly Strong Material
MetroManila,58,6,2,Predominantly Strong Material
Visayas,65,12,1,Predominantly Strong Material
MetroManila,61,5,0,Predominantly Strong Material
CentralLuzon,64,4,2,Predominantly Strong Material
MetroManila,51,2,0,Predominantly Strong Material
CentralLuzon,44,1,0,Predominantly Strong Material
CentralLuzon,69,3,0,Predominantly Strong Material
Visayas,45,1,0,Predominantly Light/Salvaged Material
Visayas,72,1,0,Predominantly Strong Material
CentralLuzon,62,3,0,Predominantly Strong Material
IlocosRegion,34,5,0,Predominantly Strong Material
MetroManila,30,2,1,Predominantly Strong Material
CentralLuzon,42,4,0,Predominantly Strong Material
Visayas,74,2,0,Predominantly Strong Material
MetroManila,52,4,0,Predominantly Strong Material
DavaoRegion,58,0,0,Predominantly Strong Material
Visayas,41,4,0,Predominantly Light/Salvaged Material
DavaoRegion,67,7,1,Predominantly Strong Material
CentralLuzon,40,5,1,Predominantly Strong Material
MetroManila,33,4,2,Predominantly Strong Material
Visayas,46,3,0,Predominantly Strong Material
MetroManila,44,1,0,Predominantly Light/Salvaged Material
Visayas,43,3,1,Predominantly Strong Material
Visayas,52,2,0,Predominantly Strong Material
MetroManila,73,3,0,Predominantly Strong Material
IlocosRegion,40,4,1,Predominantly Light/Salvaged Material
Visayas,30,3,1,Predominantly Light/Salvaged Material
Visayas,53,5,0,Predominantly Strong Material
IlocosRegion,52,4,0,Predominantly Strong Material
DavaoRegion,38,3,0,Predominantly Strong Material
DavaoRegion,65,3,0,Predominantly Light/Salvaged Material
Visayas,65,2,0,Predominantly Strong Material
Visayas,51,4,0,Predominantly Strong Material
MetroManila,74,2,0,Predominantly Strong Material
MetroManila,42,5,0,Predominantly Strong Material
Visayas,45,4,0,Predominantly Light/Salvaged Material
Visayas,49,4,0,Predominantly Strong Material
DavaoRegion,50,2,0,Predominantly Strong Material
Visayas,77,0,0,Predominantly Light/Salvaged Material
Visayas,44,7,0,Predominantly Strong Material
Visayas,43,7,1,Predominantly Strong Material
Visayas,28,4,0,Predominantly Strong Material
IlocosRegion,60,5,0,Predominantly Strong Material
DavaoRegion,39,1,0,Predominantly Strong Material
Visayas,76,1,0,Predominantly Strong Material
Visayas,52,2,0,Predominantly Strong Material
CentralLuzon,31,1,0,Predominantly Strong Material
MetroManila,61,10,0,Predominantly Strong Material
CentralLuzon,48,8,0,Predominantly Strong Material
Visayas,39,9,2,Predominantly Strong Material
IlocosRegion,45,4,0,Predominantly Strong Material
Visayas,50,2,0,Predominantly Light/Salvaged Material
CentralLuzon,66,10,0,Predominantly Strong Material
CentralLuzon,59,5,1,Predominantly Strong Material
IlocosRegion,71,1,0,Predominantly Light/Salvaged Material
Visayas,73,0,0,Predominantly Strong Material
MetroManila,39,3,0,Predominantly Strong Material
Visayas,46,6,0,Predominantly Strong Material
MetroManila,69,3,0,Predominantly Strong Material
Visayas,73,6,1,Predominantly Strong Material
CentralLuzon,53,3,0,Predominantly Strong Material
Visayas,58,7,2,Predominantly Light/Salvaged Material
Visayas,67,9,2,Predominantly Strong Material
MetroManila,47,3,0,Predominantly Strong Material
DavaoRegion,48,4,0,Predominantly Strong Material
Visayas,47,2,0,Predominantly Light/Salvaged Material
Visayas,57,2,0,Predominantly Strong Material
MetroManila,36,5,1,Predominantly Strong Material
MetroManila,57,1,0,Predominantly Strong Material
DavaoRegion,50,4,1,Predominantly Strong Material
CentralLuzon,79,1,0,Predominantly Strong Material
CentralLuzon,50,2,0,Predominantly Strong Material
CentralLuzon,38,4,2,Predominantly Strong Material
IlocosRegion,40,4,0,Predominantly Strong Material
Visayas,43,6,1,Predominantly Strong Material
IlocosRegion,44,4,0,Predominantly Strong Material
Visayas,55,6,0,Predominantly Light/Salvaged Material
MetroManila,42,4,0,Predominantly Strong Material
MetroManila,32,2,0,Predominantly Strong Material
DavaoRegion,75,7,2,Predominantly Strong Material
Visayas,41,3,0,Predominantly Light/Salvaged Material
Visayas,48,3,1,Predominantly Strong Material
Visayas,46,3,1,Predominantly Strong Material
Visayas,46,3,0,Predominantly Strong Material
MetroManila,32,3,1,Predominantly Strong Material
CentralLuzon,48,4,1,Predominantly Strong Material
CentralLuzon,69,3,0,Predominantly Strong Material
CentralLuzon,78,1,0,Predominantly Strong Material
Visayas,76,1,0,Predominantly Strong Material
MetroManila,65,10,2,Predominantly Strong Material
MetroManila,67,4,0,Predominantly Strong Material
MetroManila,66,1,0,Predominantly Strong Material
Visayas,59,1,0,Predominantly Strong Material
Visayas,36,4,0,Predominantly Light/Salvaged Material
Visayas,35,4,2,Predominantly Strong Material
Visayas,53,8,2,Predominantly Strong Material
CentralLuzon,53,6,1,Predominantly Strong Material
Visayas,65,6,0,Predominantly Strong Material
Visayas,35,5,1,Predominantly Light/Salvaged Material
Visayas,61,2,0,Predominantly Strong Material
Visayas,44,5,1,Predominantly Strong Material
MetroManila,75,6,0,Predominantly Strong Material
Visayas,66,2,0,Predominantly Strong Material
Visayas,62,2,0,Predominantly Strong Material
Visayas,30,2,0,Predominantly Strong Material
IlocosRegion,53,4,0,Predominantly Strong Material
Visayas,49,7,2,Predominantly Strong Material
IlocosRegion,64,2,0,Predominantly Light/Salvaged Material
MetroManila,34,4,1,Predominantly Strong Material
Visayas,61,1,0,Predominantly Strong Material
MetroManila,60,2,0,Predominantly Strong Material
CentralLuzon,61,3,0,Predominantly Strong Material
MetroManila,62,5,0,Predominantly Strong Material
Visayas,44,2,1,Predominantly Strong Material
CentralLuzon,84,0,0,Predominantly Strong Material
CentralLuzon,59,2,0,Predominantly Light/Salvaged Material
DavaoRegion,64,1,0,Predominantly Strong Material
Visayas,36,4,1,Predominantly Strong Material
Visayas,39,9,3,Predominantly Strong Material
DavaoRegion,94,2,0,Predominantly Strong Material
CentralLuzon,50,2,0,Predominantly Strong Material
CentralLuzon,63,3,2,Predominantly Strong Material
IlocosRegion,39,0,0,Predominantly Strong Material
Visayas,51,5,2,Predominantly Strong Material
DavaoRegion,64,4,0,Predominantly Strong Material
Visayas,49,6,1,Predominantly Light/Salvaged Material
IlocosRegion,48,3,0,Predominantly Strong Material
MetroManila,59,0,0,Predominantly Strong Material
MetroManila,59,3,0,Predominantly Strong Material
CentralLuzon,84,1,0,Predominantly Strong Material
DavaoRegion,20,1,0,Predominantly Strong Material
Visayas,47,6,2,Predominantly Light/Salvaged Material
Visayas,26,2,0,Predominantly Strong Material
CentralLuzon,41,1,0,Predominantly Strong Material
Visayas,54,5,0,Predominantly Strong Material
Visayas,55,7,2,Predominantly Strong Material
Visayas,61,5,1,Predominantly Strong Material
MetroManila,38,2,0,Predominantly Strong Material
DavaoRegion,40,3,0,Predominantly Strong Material
Visayas,37,9,2,Predominantly Light/Salvaged Material
IlocosRegion,33,4,0,Predominantly Strong Material
MetroManila,50,6,0,Predominantly Strong Material
MetroManila,48,3,1,Predominantly Strong Material
Visayas,52,0,0,Predominantly Strong Material
Visayas,77,1,0,Predominantly Strong Material
Visayas,61,4,1,Predominantly Strong Material
CentralLuzon,52,5,0,Predominantly Strong Material
Visayas,72,4,0,Predominantly Strong Material
IlocosRegion,82,4,0,Predominantly Strong Material
Visayas,71,3,0,Predominantly Strong Material
IlocosRegion,43,3,0,Predominantly Strong Material
Visayas,59,1,0,Predominantly Strong Material
Visayas,70,9,0,Predominantly Light/Salvaged Material
Visayas,23,0,0,Predominantly Strong Material
MetroManila,54,5,0,Predominantly Strong Material
DavaoRegion,34,2,1,Predominantly Strong Material
Visayas,68,0,0,Predominantly Strong Material
Visayas,50,4,0,Predominantly Light/Salvaged Material
Visayas,47,6,0,Predominantly Light/Salvaged Material
Visayas,48,12,3,Predominantly Strong Material
Visayas,47,3,0,Predominantly Strong Material
CentralLuzon,45,5,0,Predominantly Strong Material
IlocosRegion,73,2,0,Predominantly Strong Material
MetroManila,55,2,0,Predominantly Strong Material
CentralLuzon,40,3,0,Predominantly Strong Material
Visayas,79,1,0,Predominantly Strong Material
Visayas,68,2,0,Predominantly Strong Material
Visayas,55,5,1,Predominantly Strong Material
IlocosRegion,53,6,0,Predominantly Strong Material
CentralLuzon,32,3,0,Predominantly Strong Material
MetroManila,43,3,0,Predominantly Strong Material
DavaoRegion,36,2,1,Predominantly Strong Material
DavaoRegion,35,3,0,Predominantly Strong Material
CentralLuzon,41,5,1,Predominantly Light/Salvaged Material
MetroManila,42,2,0,Predominantly Strong Material
Visayas,65,3,0,Predominantly Strong Material
CentralLuzon,65,4,0,Predominantly Strong Material
MetroManila,45,5,0,Predominantly Strong Material
IlocosRegion,45,2,0,Predominantly Strong Material
Visayas,69,1,0,Predominantly Strong Material
Visayas,35,6,2,Predominantly Strong Material
MetroManila,27,2,1,Predominantly Strong Material
MetroManila,62,1,0,Predominantly Strong Material
MetroManila,60,5,2,Predominantly Strong Material
Visayas,42,2,0,Predominantly Strong Material
DavaoRegion,46,9,3,Predominantly Strong Material
Visayas,40,4,1,Predominantly Strong Material
DavaoRegion,54,5,0,Predominantly Strong Material
Visayas,37,5,0,Predominantly Strong Material
Visayas,46,4,0,Predominantly Strong Material
IlocosRegion,37,1,0,Predominantly Strong Material
Visayas,37,4,0,Predominantly Strong Material
IlocosRegion,57,6,2,Predominantly Strong Material
MetroManila,63,5,0,Predominantly Strong Material
Visayas,64,6,1,Predominantly Strong Material
Visayas,61,2,0,Predominantly Strong Material
Visayas,47,3,1,Predominantly Strong Material
MetroManila,49,4,2,Predominantly Strong Material
DavaoRegion,54,4,0,Predominantly Strong Material
MetroManila,50,3,0,Predominantly Strong Material
MetroManila,56,3,0,Predominantly Strong Material
DavaoRegion,51,4,0,Predominantly Strong Material
Visayas,42,2,0,Predominantly Strong Material
CentralLuzon,52,3,0,Predominantly Strong Material
Visayas,58,1,0,Predominantly Strong Material
Visayas,46,1,0,Predominantly Strong Material
MetroManila,38,3,0,Predominantly Strong Material
CentralLuzon,64,6,0,Predominantly Strong Material
Visayas,40,8,1,Predominantly Strong Material
IlocosRegion,35,2,1,Predominantly Strong Material
Visayas,69,5,1,Predominantly Strong Material
CentralLuzon,83,3,0,Predominantly Strong Material
IlocosRegion,62,4,0,Predominantly Strong Material
MetroManila,45,1,0,Predominantly Strong Material
MetroManila,54,4,2,Predominantly Strong Material
IlocosRegion,67,0,0,Predominantly Strong Material
IlocosRegion,33,3,2,Predominantly Strong Material
IlocosRegion,43,5,0,Predominantly Strong Material
Visayas,45,5,0,Predominantly Strong Material
CentralLuzon,30,5,0,Predominantly Strong Material
Visayas,30,4,1,Predominantly Strong Material
Visayas,82,2,0,Predominantly Strong Material
CentralLuzon,39,1,0,Predominantly Light/Salvaged Material
Visayas,30,4,1,Predominantly Strong Material
CentralLuzon,48,2,1,Predominantly Strong Material
Visayas,43,1,0,Predominantly Strong Material
DavaoRegion,23,2,1,Predominantly Strong Material
MetroManila,36,3,1,Predominantly Strong Material
DavaoRegion,39,4,0,Predominantly Strong Material
IlocosRegion,52,5,0,Predominantly Strong Material
Visayas,59,3,0,Predominantly Light/Salvaged Material
MetroManila,38,3,0,Predominantly Strong Material
IlocosRegion,74,4,0,Predominantly Strong Material
DavaoRegion,69,3,0,Predominantly Strong Material
IlocosRegion,49,6,0,Predominantly Strong Material
MetroManila,53,7,2,Predominantly Strong Material
MetroManila,53,3,0,Predominantly Strong Material
CentralLuzon,68,3,0,Predominantly Strong Material
IlocosRegion,42,5,0,Predominantly Strong Material
CentralLuzon,35,4,1,Predominantly Light/Salvaged Material
MetroManila,68,10,2,Predominantly Strong Material
MetroManila,56,6,0,Predominantly Strong Material
MetroManila,52,0,0,Predominantly Strong Material
Visayas,88,3,0,Predominantly Strong Material
Visayas,72,2,0,Predominantly Light/Salvaged Material
Visayas,42,4,0,Predominantly Strong Material
Visayas,58,3,0,Predominantly Strong Material
Visayas,44,4,0,Predominantly Strong Material
IlocosRegion,44,2,0,Predominantly Strong Material
Visayas,47,4,0,Predominantly Strong Material
MetroManila,81,2,0,Predominantly Strong Material
IlocosRegion,49,16,4,Predominantly Strong Material
Visayas,66,5,1,Predominantly Strong Material
Visayas,44,9,1,Predominantly Strong Material
MetroManila,54,9,1,Predominantly Strong Material
CentralLuzon,64,2,0,Predominantly Strong Material
MetroManila,67,2,0,Predominantly Strong Material
DavaoRegion,29,4,1,Predominantly Strong Material
Visayas,48,5,1,Predominantly Strong Material
CentralLuzon,42,2,0,Predominantly Strong Material
DavaoRegion,80,2,0,Predominantly Strong Material
Visayas,36,6,1,Predominantly Light/Salvaged Material
IlocosRegion,38,2,0,Predominantly Strong Material
Visayas,29,4,0,Predominantly Strong Material
Visayas,62,9,2,Predominantly Strong Material
Visayas,66,2,0,Predominantly Strong Material
Visayas,45,1,0,Predominantly Strong Material
CentralLuzon,44,4,0,Predominantly Strong Material
CentralLuzon,36,4,0,Predominantly Strong Material
IlocosRegion,27,3,1,Predominantly Strong Material
MetroManila,68,11,0,Predominantly Strong Material
DavaoRegion,80,3,0,Predominantly Strong Material
MetroManila,32,2,0,Predominantly Strong Material
Visayas,51,9,1,Predominantly Strong Material
Visayas,40,6,1,Predominantly Strong Material
MetroManila,63,5,1,Predominantly Strong Material
MetroManila,48,7,1,Predominantly Strong Material
Visayas,60,4,0,Predominantly Light/Salvaged Material
DavaoRegion,83,0,0,Predominantly Strong Material
CentralLuzon,44,3,1,Predominantly Strong Material
MetroManila,82,1,0,Predominantly Strong Material
CentralLuzon,38,5,0,Predominantly Strong Material
Visayas,50,0,0,Predominantly Strong Material
CentralLuzon,75,2,0,Predominantly Strong Material
IlocosRegion,70,3,1,Predominantly Strong Material
Visayas,50,1,0,Predominantly Light/Salvaged Material
CentralLuzon,52,2,0,Predominantly Strong Material
Visayas,62,9,1,Predominantly Light/Salvaged Material
Visayas,68,1,0,Predominantly Strong Material
Visayas,40,1,0,Predominantly Strong Material
Visayas,31,2,1,Predominantly Strong Material
CentralLuzon,56,6,1,Predominantly Strong Material
MetroManila,38,5,1,Predominantly Strong Material
MetroManila,41,4,1,Predominantly Strong Material
CentralLuzon,49,3,0,Predominantly Strong Material
DavaoRegion,53,3,0,Predominantly Light/Salvaged Material
MetroManila,71,4,0,Predominantly Strong Material
MetroManila,58,8,1,Predominantly Strong Material
Visayas,57,2,1,Predominantly Strong Material
Visayas,35,4,1,Predominantly Strong Material
DavaoRegion,65,4,0,Predominantly Strong Material
Visayas,48,4,0,Predominantly Strong Material
IlocosRegion,42,6,0,Predominantly Strong Material
DavaoRegion,53,5,0,Predominantly Strong Material
DavaoRegion,24,0,0,Predominantly Strong Material
Visayas,55,5,0,Predominantly Strong Material
Visayas,68,0,0,Predominantly Strong Material
Visayas,55,6,0,Predominantly Strong Material
Visayas,45,3,0,Predominantly Strong Material
DavaoRegion,32,4,1,Predominantly Strong Material
Visayas,33,2,0,Predominantly Strong Material
Visayas,72,3,0,Predominantly Strong Material
IlocosRegion,69,1,0,Predominantly Strong Material
MetroManila,70,1,0,Predominantly Strong Material
Visayas,42,3,0,Predominantly Strong Material
Visayas,41,4,0,Predominantly Strong Material
Visayas,51,8,1,Predominantly Strong Material
Visayas,74,0,0,Predominantly Strong Material
DavaoRegion,46,8,1,Predominantly Light/Salvaged Material
DavaoRegion,18,1,0,Predominantly Strong Material
MetroManila,64,5,0,Predominantly Strong Material
Visayas,71,5,0,Predominantly Light/Salvaged Material
IlocosRegion,39,6,2,Predominantly Strong Material
IlocosRegion,53,4,0,Predominantly Strong Material
IlocosRegion,68,2,0,Predominantly Strong Material
Visayas,41,9,2,Predominantly Strong Material
DavaoRegion,48,8,1,Predominantly Strong Material
Visayas,23,2,1,Predominantly Strong Material
CentralLuzon,49,3,0,Predominantly Strong Material
DavaoRegion,50,10,1,Predominantly Strong Material
Visayas,60,3,0,Predominantly Strong Material
MetroManila,30,2,0,Predominantly Strong Material
CentralLuzon,49,4,1,Predominantly Strong Material
Visayas,43,3,0,Predominantly Strong Material
Visayas,45,6,0,Predominantly Light/Salvaged Material
IlocosRegion,68,5,0,Predominantly Strong Material
Visayas,75,1,0,Predominantly Strong Material
IlocosRegion,67,10,1,Predominantly Strong Material
DavaoRegion,59,6,1,Predominantly Light/Salvaged Material
MetroManila,65,5,0,Predominantly Strong Material
Visayas,29,3,1,Predominantly Light/Salvaged Material
IlocosRegion,62,5,1,Predominantly Strong Material
Visayas,39,4,0,Predominantly Strong Material
CentralLuzon,43,1,0,Predominantly Strong Material
Visayas,60,5,0,Predominantly Strong Material
MetroManila,48,0,0,Predominantly Strong Material
DavaoRegion,55,2,0,Predominantly Strong Material
Visayas,62,4,0,Predominantly Strong Material
Visayas,68,1,0,Predominantly Strong Material
Visayas,61,0,0,Predominantly Strong Material
CentralLuzon,60,6,1,Predominantly Light/Salvaged Material
DavaoRegion,45,4,0,Predominantly Strong Material
CentralLuzon,75,0,0,Predominantly Strong Material
IlocosRegion,62,5,2,Predominantly Strong Material
CentralLuzon,32,3,0,Predominantly Strong Material
Visayas,41,4,0,Predominantly Strong Material
Visayas,69,6,1,Predominantly Strong Material
Visayas,35,2,1,Predominantly Strong Material
CentralLuzon,65,1,0,Predominantly Strong Material
IlocosRegion,51,0,0,Predominantly Strong Material
DavaoRegion,31,5,2,Predominantly Light/Salvaged Material
Visayas,63,1,0,Predominantly Strong Material
Visayas,31,7,2,Predominantly Strong Material
IlocosRegion,64,3,0,Predominantly Strong Material
DavaoRegion,42,4,0,Predominantly Strong Material
IlocosRegion,43,5,1,Predominantly Strong Material
Visayas,85,6,1,Predominantly Strong Material
DavaoRegion,20,1,0,Predominantly Strong Material
MetroManila,37,3,0,Predominantly Strong Material
Visayas,45,9,1,Predominantly Strong Material
MetroManila,54,4,0,Predominantly Strong Material
Visayas,56,0,0,Predominantly Strong Material
DavaoRegion,42,4,0,Predominantly Strong Material
Visayas,78,1,0,Predominantly Strong Material
MetroManila,48,8,1,Predominantly Strong Material
CentralLuzon,66,3,0,Predominantly Strong Material
Visayas,41,2,1,Predominantly Light/Salvaged Material
Visayas,50,7,1,Predominantly Strong Material
DavaoRegion,52,2,0,Predominantly Strong Material
Visayas,49,3,0,Predominantly Strong Material
MetroManila,76,1,0,Predominantly Strong Material
IlocosRegion,79,7,1,Predominantly Strong Material
MetroManila,49,7,0,Predominantly Strong Material
MetroManila,53,5,0,Predominantly Strong Material
CentralLuzon,67,1,0,Predominantly Strong Material
Visayas,42,4,0,Predominantly Light/Salvaged Material
CentralLuzon,57,2,0,Predominantly Strong Material
CentralLuzon,36,6,2,Predominantly Strong Material
MetroManila,53,2,0,Predominantly Strong Material
MetroManila,73,0,0,Predominantly Strong Material
MetroManila,40,1,0,Predominantly Strong Material
DavaoRegion,52,3,0,Predominantly Strong Material
CentralLuzon,56,4,0,Predominantly Strong Material
CentralLuzon,69,4,1,Predominantly Strong Material
CentralLuzon,38,3,0,Predominantly Strong Material
Visayas,70,1,0,Predominantly Strong Material
MetroManila,39,3,0,Predominantly Strong Material
Visayas,40,5,2,Predominantly Light/Salvaged Material
MetroManila,56,6,0,Predominantly Strong Material
DavaoRegion,75,2,0,Predominantly Strong Material
MetroManila,54,1,0,Predominantly Strong Material
Visayas,33,5,1,Predominantly Strong Material
MetroManila,48,7,2,Predominantly Strong Material
IlocosRegion,62,3,0,Predominantly Strong Material
DavaoRegion,60,1,0,Predominantly Strong Material
Visayas,54,7,0,Predominantly Strong Material
MetroManila,40,4,0,Predominantly Strong Material
DavaoRegion,59,4,0,Predominantly Strong Material
MetroManila,53,3,0,Predominantly Strong Material
DavaoRegion,59,1,0,Predominantly Strong Material
MetroManila,68,4,0,Predominantly Strong Material
Visayas,49,9,0,Predominantly Strong Material
MetroManila,65,4,0,Predominantly Strong Material
MetroManila,48,6,0,Predominantly Strong Material
DavaoRegion,71,0,0,Predominantly Strong Material
DavaoRegion,72,0,0,Predominantly Light/Salvaged Material
IlocosRegion,51,3,0,Predominantly Light/Salvaged Material
MetroManila,64,5,0,Predominantly Strong Material
DavaoRegion,53,5,2,Predominantly Strong Material
Visayas,53,5,0,Predominantly Strong Material
Visayas,54,8,0,Predominantly Strong Material
CentralLuzon,56,5,1,Predominantly Strong Material
MetroManila,66,1,0,Predominantly Strong Material
MetroManila,66,1,0,Predominantly Strong Material
Visayas,69,9,1,Predominantly Strong Material
Visayas,34,3,0,Predominantly Strong Material
DavaoRegion,54,4,0,Predominantly Strong Material
Visayas,32,5,2,Predominantly Strong Material
Visayas,29,4,2,Predominantly Strong Material
Visayas,77,1,0,Predominantly Strong Material
IlocosRegion,39,2,1,Predominantly Strong Material
CentralLuzon,33,3,0,Predominantly Strong Material
CentralLuzon,45,4,0,Predominantly Strong Material
MetroManila,49,4,0,Predominantly Strong Material
Visayas,49,6,0,Predominantly Strong Material
Visayas,34,2,1,Predominantly Strong Material
Visayas,47,3,0,Predominantly Strong Material
MetroManila,50,2,1,Predominantly Strong Material
MetroManila,35,0,0,Predominantly Strong Material
MetroManila,57,3,0,Predominantly Strong Material
CentralLuzon,65,8,2,Predominantly Strong Material
Visayas,40,4,1,Predominantly Strong Material
DavaoRegion,50,3,0,Predominantly Strong Material
Visayas,26,3,2,Predominantly Light/Salvaged Material
IlocosRegion,69,1,0,Predominantly Strong Material
Visayas,63,9,2,Predominantly Strong Material
IlocosRegion,62,5,0,Predominantly Strong Material
MetroManila,53,4,0,Predominantly Strong Material
Visayas,38,7,1,Predominantly Strong Material
Visayas,74,1,0,Predominantly Strong Material
IlocosRegion,35,2,1,Predominantly Strong Material
CentralLuzon,53,1,0,Predominantly Strong Material
MetroManila,44,5,0,Predominantly Strong Material
Visayas,58,4,0,Predominantly Strong Material
IlocosRegion,44,3,0,Predominantly Strong Material
CentralLuzon,80,4,0,Predominantly Strong Material
Visayas,50,1,0,Predominantly Strong Material
CentralLuzon,73,1,0,Predominantly Strong Material
Visayas,54,1,0,Predominantly Light/Salvaged Material
Visayas,67,6,0,Predominantly Strong Material
DavaoRegion,60,8,0,Predominantly Strong Material
CentralLuzon,53,6,1,Predominantly Strong Material
CentralLuzon,38,3,0,Predominantly Strong Material
CentralLuzon,69,5,0,Predominantly Strong Material
MetroManila,39,3,1,Predominantly Strong Material
Visayas,43,2,0,Predominantly Strong Material
Visayas,46,5,0,Predominantly Strong Material
IlocosRegion,38,4,1,Predominantly Strong Material
MetroManila,62,8,1,Predominantly Strong Material
IlocosRegion,37,5,0,Predominantly Strong Material
DavaoRegion,33,5,2,Predominantly Strong Material
Visayas,55,3,0,Predominantly Strong Material
Visayas,37,3,1,Predominantly Strong Material
Visayas,39,4,0,Predominantly Strong Material
Visayas,48,3,0,Predominantly Strong Material
CentralLuzon,48,7,0,Predominantly Strong Material
MetroManila,50,1,0,Predominantly Strong Material
CentralLuzon,32,3,1,Predominantly Strong Material
DavaoRegion,40,2,0,Predominantly Strong Material
MetroManila,71,2,0,Predominantly Strong Material
CentralLuzon,59,4,0,Predominantly Strong Material
Visayas,47,2,0,Predominantly Strong Material
Visayas,40,7,1,Predominantly Strong Material
CentralLuzon,53,4,0,Predominantly Strong Material
MetroManila,62,5,0,Predominantly Strong Material
Visayas,46,5,0,Predominantly Strong Material
IlocosRegion,49,5,0,Predominantly Strong Material
MetroManila,72,4,0,Predominantly Strong Material
Visayas,53,4,0,Predominantly Strong Material
Visayas,42,8,0,Predominantly Strong Material
CentralLuzon,48,4,0,Predominantly Strong Material
Visayas,68,8,1,Predominantly Light/Salvaged Material
CentralLuzon,32,5,1,Predominantly Strong Material
MetroManila,44,2,0,Predominantly Strong Material
Visayas,51,5,1,Predominantly Strong Material
Visayas,65,1,0,Predominantly Strong Material
Visayas,44,6,0,Predominantly Strong Material
IlocosRegion,79,3,0,Predominantly Light/Salvaged Material
MetroManila,39,4,0,Predominantly Strong Material
DavaoRegion,30,4,1,Predominantly Strong Material
MetroManila,84,1,0,Predominantly Strong Material
Visayas,36,9,1,Predominantly Light/Salvaged Material
Visayas,76,5,0,Predominantly Strong Material
DavaoRegion,58,1,0,Predominantly Strong Material
DavaoRegion,45,4,0,Predominantly Strong Material
Visayas,72,4,0,Predominantly Strong Material
Visayas,53,6,2,Predominantly Strong Material
IlocosRegion,56,3,0,Predominantly Strong Material
CentralLuzon,48,6,0,Predominantly Strong Material
Visayas,85,2,0,Predominantly Strong Material
MetroManila,35,6,1,Predominantly Strong Material
DavaoRegion,23,2,0,Predominantly Strong Material
DavaoRegion,33,4,1,Predominantly Strong Material
CentralLuzon,69,1,0,Predominantly Strong Material
IlocosRegion,51,6,1,Predominantly Strong Material
DavaoRegion,30,4,1,Predominantly Strong Material
CentralLuzon,32,4,0,Predominantly Strong Material
MetroManila,61,2,0,Predominantly Strong Material
CentralLuzon,43,2,0,Predominantly Strong Material
Visayas,39,3,0,Predominantly Strong Material
MetroManila,64,2,0,Predominantly Strong Material
Visayas,61,8,3,Predominantly Strong Material
MetroManila,58,6,1,Predominantly Strong Material
Visayas,77,4,1,Predominantly Strong Material
MetroManila,75,3,0,Predominantly Strong Material
IlocosRegion,31,2,0,Predominantly Strong Material
Visayas,46,4,0,Predominantly Strong Material
MetroManila,43,5,0,Predominantly Strong Material
IlocosRegion,38,7,0,Predominantly Strong Material
CentralLuzon,43,2,0,Predominantly Strong Material
DavaoRegion,45,4,0,Predominantly Strong Material
Visayas,57,4,0,Predominantly Strong Material
Visayas,44,8,1,Predominantly Strong Material
Visayas,31,3,2,Predominantly Strong Material
DavaoRegion,42,2,0,Predominantly Strong Material
Visayas,55,4,1,Predominantly Strong Material
DavaoRegion,38,3,0,Predominantly Strong Material
DavaoRegion,55,1,0,Predominantly Light/Salvaged Material
IlocosRegion,74,1,0,Predominantly Strong Material
Visayas,53,6,1,Predominantly Strong Material
IlocosRegion,60,4,1,Predominantly Strong Material
IlocosRegion,65,2,0,Predominantly Strong Material
MetroManila,32,3,2,Predominantly Strong Material
Visayas,50,3,0,Predominantly Strong Material
Visayas,74,1,0,Predominantly Strong Material
CentralLuzon,60,12,2,Predominantly Strong Material
MetroManila,35,4,0,Predominantly Strong Material
CentralLuzon,25,4,1,Predominantly Strong Material
DavaoRegion,58,4,0,Predominantly Strong Material
MetroManila,57,3,0,Predominantly Strong Material
IlocosRegion,49,4,1,Predominantly Strong Material
CentralLuzon,76,1,0,Predominantly Strong Material
MetroManila,32,3,1,Predominantly Strong Material
Visayas,38,5,1,Predominantly Strong Material
CentralLuzon,68,1,0,Predominantly Strong Material
MetroManila,43,3,0,Predominantly Strong Material
DavaoRegion,38,4,1,Predominantly Strong Material
Visayas,69,2,1,Predominantly Strong Material
Visayas,69,9,2,Predominantly Strong Material
Visayas,59,4,0,Predominantly Strong Material
Visayas,49,11,0,Predominantly Strong Material
Visayas,37,1,0,Predominantly Light/Salvaged Material
Visayas,40,4,0,Predominantly Strong Material
CentralLuzon,69,0,0,Predominantly Strong Material
CentralLuzon,41,2,0,Predominantly Strong Material
Visayas,43,1,0,Predominantly Strong Material
MetroManila,49,3,0,Predominantly Strong Material
Visayas,31,5,2,Predominantly Strong Material
Visayas,86,1,0,Predominantly Strong Material
Visayas,74,5,0,Predominantly Strong Material
MetroManila,27,4,3,Predominantly Strong Material
CentralLuzon,32,2,0,Predominantly Strong Material
MetroManila,46,4,1,Predominantly Strong Material
Visayas,47,3,0,Predominantly Light/Salvaged Material
Visayas,50,6,0,Predominantly Strong Material
IlocosRegion,70,1,0,Predominantly Strong Material
Visayas,39,4,0,Predominantly Strong Material
Visayas,56,5,2,Predominantly Strong Material
IlocosRegion,67,4,0,Predominantly Strong Material
DavaoRegion,64,4,1,Predominantly Strong Material
MetroManila,42,3,0,Predominantly Strong Material
MetroManila,37,6,0,Predominantly Strong Material
Visayas,63,3,0,Predominantly Strong Material
MetroManila,37,1,0,Predominantly Strong Material
Visayas,44,9,1,Predominantly Strong Material
MetroManila,48,5,3,Predominantly Strong Material
Visayas,49,3,0,Predominantly Strong Material
CentralLuzon,85,4,0,Predominantly Strong Material
CentralLuzon,46,4,0,Predominantly Strong Material
Visayas,53,2,0,Predominantly Light/Salvaged Material
IlocosRegion,27,3,0,Predominantly Light/Salvaged Material
MetroManila,72,10,0,Predominantly Strong Material
Visayas,43,5,0,Predominantly Strong Material
Visayas,65,4,1,Predominantly Strong Material
CentralLuzon,45,6,1,Predominantly Strong Material
CentralLuzon,51,4,0,Predominantly Strong Material
MetroManila,58,3,0,Predominantly Strong Material
Visayas,69,1,0,Predominantly Strong Material
Visayas,57,3,0,Predominantly Light/Salvaged Material
DavaoRegion,60,4,0,Predominantly Strong Material
Visayas,58,2,0,Predominantly Strong Material
Visayas,33,2,0,Predominantly Light/Salvaged Material
MetroManila,37,3,0,Predominantly Strong Material
IlocosRegion,58,5,2,Predominantly Strong Material
CentralLuzon,70,5,0,Predominantly Strong Material
DavaoRegion,67,1,0,Predominantly Strong Material
CentralLuzon,52,3,0,Predominantly Strong Material
Visayas,44,4,1,Predominantly Strong Material
Visayas,40,5,0,Predominantly Strong Material
CentralLuzon,50,9,1,Predominantly Strong Material
IlocosRegion,41,5,0,Predominantly Strong Material
DavaoRegion,77,1,0,Predominantly Strong Material
Visayas,65,1,0,Predominantly Strong Material
Visayas,48,8,1,Predominantly Light/Salvaged Material
CentralLuzon,64,2,0,Predominantly Strong Material
Visayas,49,1,0,Predominantly Strong Material
MetroManila,41,5,0,Predominantly Strong Material
Visayas,30,3,1,Predominantly Strong Material
IlocosRegion,80,0,0,Predominantly Light/Salvaged Material
Visayas,83,1,0,Predominantly Strong Material
Visayas,53,8,1,Predominantly Strong Material
Visayas,53,3,0,Predominantly Strong Material
Visayas,54,9,2,Predominantly Strong Material
DavaoRegion,36,2,0,Predominantly Light/Salvaged Material
IlocosRegion,31,3,0,Predominantly Light/Salvaged Material
IlocosRegion,49,2,0,Predominantly Strong Material
DavaoRegion,46,0,0,Predominantly Strong Material
Visayas,69,4,0,Predominantly Strong Material
Visayas,36,2,1,Predominantly Strong Material
MetroManila,62,3,0,Predominantly Strong Material
Visayas,53,3,0,Predominantly Strong Material
MetroManila,32,4,1,Predominantly Light/Salvaged Material
CentralLuzon,37,2,0,Predominantly Strong Material
MetroManila,35,1,0,Predominantly Strong Material
Visayas,67,4,0,Predominantly Strong Material
Visayas,58,2,1,Predominantly Strong Material
Visayas,71,0,0,Predominantly Strong Material
IlocosRegion,36,2,1,Predominantly Strong Material
CentralLuzon,82,3,0,Predominantly Strong Material
CentralLuzon,70,1,0,Predominantly Strong Material
Visayas,48,5,2,Predominantly Strong Material
Visayas,46,5,0,Predominantly Strong Material
Visayas,55,2,0,Predominantly Light/Salvaged Material
CentralLuzon,73,2,0,Predominantly Light/Salvaged Material
Visayas,30,2,0,Predominantly Strong Material
Visayas,52,3,0,Predominantly Strong Material
Visayas,25,2,0,Predominantly Strong Material
DavaoRegion,46,5,0,Predominantly Strong Material
Visayas,32,2,0,Predominantly Strong Material
CentralLuzon,51,4,0,Predominantly Strong Material
DavaoRegion,48,4,1,Predominantly Strong Material
Visayas,48,5,0,Predominantly Strong Material
Visayas,44,3,0,Predominantly Strong Material
CentralLuzon,62,3,0,Predominantly Strong Material
IlocosRegion,58,5,0,Predominantly Strong Material
Visayas,60,0,0,Predominantly Strong Material
CentralLuzon,64,1,0,Predominantly Light/Salvaged Material
Visayas,49,6,1,Predominantly Light/Salvaged Material
MetroManila,50,5,0,Predominantly Strong Material
CentralLuzon,40,4,0,Predominantly Strong Material
Visayas,37,4,2,Predominantly Strong Material
IlocosRegion,64,2,0,Predominantly Strong Material
Visayas,41,3,1,Predominantly Strong Material
CentralLuzon,63,5,0,Predominantly Strong Material
IlocosRegion,49,9,1,Predominantly Strong Material
IlocosRegion,56,8,1,Predominantly Strong Material
IlocosRegion,88,0,0,Predominantly Strong Material
Visayas,69,1,0,Predominantly Strong Material
MetroManila,41,3,0,Predominantly Strong Material
Visayas,43,7,1,Predominantly Light/Salvaged Material
CentralLuzon,47,4,0,Predominantly Strong Material
Visayas,59,1,0,Predominantly Strong Material
CentralLuzon,36,4,0,Predominantly Strong Material
Visayas,53,6,1,Predominantly Strong Material
DavaoRegion,55,2,0,Predominantly Strong Material
Visayas,39,3,0,Predominantly Light/Salvaged Material
CentralLuzon,32,4,1,Predominantly Strong Material
Visayas,46,3,0,Predominantly Strong Material
MetroManila,43,6,1,Predominantly Strong Material
IlocosRegion,50,2,0,Predominantly Strong Material
CentralLuzon,73,3,0,Predominantly Strong Material
MetroManila,42,3,1,Predominantly Strong Material
Visayas,66,4,0,Predominantly Strong Material
Visayas,64,2,0,Predominantly Light/Salvaged Material
Visayas,29,3,2,Predominantly Strong Material
DavaoRegion,79,1,0,Predominantly Strong Material
IlocosRegion,65,0,0,Predominantly Strong Material
Visayas,66,2,0,Predominantly Strong Material
CentralLuzon,59,3,0,Predominantly Strong Material
MetroManila,79,3,0,Predominantly Strong Material
Visayas,61,2,0,Predominantly Strong Material
Visayas,44,7,1,Predominantly Strong Material
Visayas,77,2,0,Predominantly Strong Material
CentralLuzon,55,0,0,Predominantly Strong Material
MetroManila,57,6,0,Predominantly Strong Material
DavaoRegion,50,3,0,Predominantly Strong Material
DavaoRegion,52,4,1,Predominantly Strong Material
DavaoRegion,50,2,0,Predominantly Light/Salvaged Material
Visayas,37,0,0,Predominantly Strong Material
DavaoRegion,77,1,0,Predominantly Strong Material
IlocosRegion,55,3,0,Predominantly Strong Material
CentralLuzon,44,5,0,Predominantly Light/Salvaged Material
MetroManila,37,5,1,Predominantly Strong Material
Visayas,35,6,0,Predominantly Strong Material
DavaoRegion,40,4,2,Predominantly Strong Material
MetroManila,49,6,1,Predominantly Strong Material
CentralLuzon,66,5,0,Predominantly Strong Material
MetroManila,33,3,2,Predominantly Strong Material
DavaoRegion,35,5,0,Predominantly Strong Material
Visayas,62,4,1,Predominantly Strong Material
CentralLuzon,70,5,0,Predominantly Strong Material
MetroManila,59,2,0,Predominantly Strong Material
DavaoRegion,77,4,0,Predominantly Strong Material
DavaoRegion,43,2,1,Predominantly Strong Material
DavaoRegion,66,5,0,Predominantly Strong Material
MetroManila,46,2,0,Predominantly Strong Material
MetroManila,75,6,1,Predominantly Strong Material
IlocosRegion,51,4,0,Predominantly Strong Material
CentralLuzon,27,2,0,Predominantly Strong Material
MetroManila,82,0,0,Predominantly Light/Salvaged Material
MetroManila,55,3,0,Predominantly Strong Material
DavaoRegion,69,6,0,Predominantly Strong Material
IlocosRegion,53,5,1,Predominantly Strong Material
CentralLuzon,77,1,0,Predominantly Strong Material
DavaoRegion,61,1,0,Predominantly Strong Material
CentralLuzon,52,4,1,Predominantly Strong Material
IlocosRegion,81,1,0,Predominantly Strong Material
CentralLuzon,51,4,0,Predominantly Strong Material
CentralLuzon,84,4,0,Predominantly Strong Material
MetroManila,45,3,0,Predominantly Strong Material
MetroManila,60,1,0,Predominantly Strong Material
MetroManila,34,3,1,Predominantly Strong Material
CentralLuzon,52,0,0,Predominantly Strong Material
Visayas,45,7,0,Predominantly Strong Material
MetroManila,64,3,0,Predominantly Strong Material
Visayas,60,3,0,Predominantly Strong Material
DavaoRegion,45,6,0,Predominantly Strong Material
CentralLuzon,40,3,0,Predominantly Strong Material
IlocosRegion,60,4,0,Predominantly Strong Material
MetroManila,38,1,0,Predominantly Strong Material
Visayas,53,6,0,Predominantly Light/Salvaged Material
Visayas,48,7,0,Predominantly Strong Material
Visayas,43,7,2,Predominantly Strong Material
Visayas,34,1,0,Predominantly Strong Material
Visayas,29,3,2,Predominantly Strong Material
CentralLuzon,98,0,0,Predominantly Strong Material
IlocosRegion,49,2,0,Predominantly Strong Material
MetroManila,40,6,0,Predominantly Strong Material
DavaoRegion,37,2,0,Predominantly Strong Material
Visayas,73,0,0,Predominantly Strong Material
MetroManila,33,3,1,Predominantly Strong Material
Visayas,77,6,0,Predominantly Strong Material
DavaoRegion,72,1,0,Predominantly Strong Material
CentralLuzon,39,3,0,Predominantly Strong Material
IlocosRegion,72,11,1,Predominantly Strong Material
Visayas,62,3,1,Predominantly Strong Material
Visayas,45,3,0,Predominantly Light/Salvaged Material
IlocosRegion,35,5,1,Predominantly Strong Material
MetroManila,26,2,1,Predominantly Strong Material
MetroManila,51,1,0,Predominantly Strong Material
MetroManila,67,6,0,Predominantly Strong Material
Visayas,63,3,0,Predominantly Strong Material
Visayas,59,3,0,Predominantly Strong Material
Visayas,45,2,0,Predominantly Strong Material
CentralLuzon,47,12,2,Predominantly Strong Material
Visayas,77,1,0,Predominantly Strong Material
IlocosRegion,28,2,0,Predominantly Strong Material
MetroManila,53,7,1,Predominantly Strong Material
Visayas,51,7,1,Predominantly Light/Salvaged Material
Visayas,75,2,0,Predominantly Strong Material
Visayas,79,4,0,Predominantly Strong Material
MetroManila,29,2,1,Predominantly Strong Material
DavaoRegion,68,1,0,Predominantly Light/Salvaged Material
IlocosRegion,32,2,0,Predominantly Strong Material
MetroManila,61,8,1,Predominantly Strong Material
Visayas,52,5,0,Predominantly Strong Material
DavaoRegion,37,6,1,Predominantly Strong Material
IlocosRegion,47,4,1,Predominantly Strong Material
MetroManila,33,6,0,Predominantly Strong Material
IlocosRegion,44,4,0,Predominantly Light/Salvaged Material
Visayas,55,1,0,Predominantly Strong Material
CentralLuzon,42,2,0,Predominantly Light/Salvaged Material
IlocosRegion,46,3,0,Predominantly Strong Material
IlocosRegion,35,5,1,Predominantly Strong Material
DavaoRegion,55,3,0,Predominantly Light/Salvaged Material
MetroManila,41,5,1,Predominantly Strong Material
Visayas,43,8,1,Predominantly Strong Material
Visayas,65,2,1,Predominantly Strong Material
DavaoRegion,48,5,1,Predominantly Strong Material
IlocosRegion,47,7,0,Predominantly Strong Material
Visayas,66,1,0,Predominantly Strong Material
Visayas,40,4,1,Predominantly Strong Material
Visayas,55,4,0,Predominantly Strong Material
DavaoRegion,37,4,1,Predominantly Strong Material
IlocosRegion,43,2,0,Predominantly Strong Material
Visayas,31,4,2,Predominantly Strong Material
CentralLuzon,49,3,0,Predominantly Strong Material
IlocosRegion,61,6,0,Predominantly Strong Material
DavaoRegion,39,3,0,Predominantly Strong Material
CentralLuzon,33,2,1,Predominantly Strong Material
DavaoRegion,45,2,0,Predominantly Strong Material
MetroManila,59,5,0,Predominantly Light/Salvaged Material
MetroManila,68,8,0,Predominantly Strong Material
Visayas,42,1,0,Predominantly Strong Material
CentralLuzon,45,4,0,Predominantly Strong Material
DavaoRegion,47,3,0,Predominantly Strong Material
IlocosRegion,39,4,1,Predominantly Strong Material
Visayas,44,7,1,Predominantly Strong Material
DavaoRegion,54,4,0,Predominantly Strong Material
MetroManila,28,1,0,Predominantly Strong Material
Visayas,58,7,1,Predominantly Strong Material
MetroManila,33,5,2,Predominantly Strong Material
IlocosRegion,38,3,0,Predominantly Strong Material
IlocosRegion,59,1,0,Predominantly Strong Material
MetroManila,65,4,0,Predominantly Strong Material
DavaoRegion,34,7,1,Predominantly Strong Material
Visayas,68,4,1,Predominantly Strong Material
IlocosRegion,75,1,0,Predominantly Strong Material
Visayas,44,7,0,Predominantly Strong Material
IlocosRegion,57,2,0,Predominantly Light/Salvaged Material
Visayas,39,0,0,Predominantly Strong Material
IlocosRegion,75,4,0,Predominantly Strong Material
IlocosRegion,63,2,0,Predominantly Strong Material
MetroManila,48,2,0,Predominantly Strong Material
MetroManila,46,3,0,Predominantly Strong Material
CentralLuzon,63,3,0,Predominantly Strong Material
Visayas,54,4,1,Predominantly Strong Material
DavaoRegion,43,6,1,Predominantly Strong Material
Visayas,33,5,1,Predominantly Strong Material
IlocosRegion,56,3,0,Predominantly Strong Material
Visayas,48,5,0,Predominantly Strong Material
Visayas,35,3,0,Predominantly Strong Material
Visayas,63,4,0,Predominantly Strong Material
Visayas,53,0,0,Predominantly Strong Material
MetroManila,43,7,0,Predominantly Strong Material
Visayas,55,6,0,Predominantly Strong Material
Visayas,50,1,0,Predominantly Light/Salvaged Material
Visayas,49,8,1,Predominantly Strong Material
Visayas,56,6,1,Predominantly Light/Salvaged Material
Visayas,31,3,1,Predominantly Strong Material
IlocosRegion,60,3,1,Predominantly Strong Material
Visayas,61,6,1,Predominantly Strong Material
Visayas,71,2,1,Predominantly Strong Material
Visayas,42,1,0,Predominantly Light/Salvaged Material
MetroManila,37,3,1,Predominantly Strong Material
IlocosRegion,82,1,0,Predominantly Strong Material
Visayas,64,4,0,Predominantly Strong Material
CentralLuzon,80,4,0,Predominantly Strong Material
IlocosRegion,45,8,1,Predominantly Strong Material
Visayas,46,3,0,Predominantly Strong Material
Visayas,71,0,0,Predominantly Strong Material
MetroManila,34,2,1,Predominantly Strong Material
Visayas,61,2,0,Predominantly Strong Material
CentralLuzon,31,4,0,Predominantly Strong Material
Visayas,62,7,2,Predominantly Strong Material
Visayas,56,2,0,Predominantly Strong Material
Visayas,58,4,0,Predominantly Light/Salvaged Material
Visayas,42,2,0,Predominantly Light/Salvaged Material
MetroManila,44,3,1,Predominantly Light/Salvaged Material
MetroManila,54,4,0,Predominantly Strong Material
Visayas,62,8,0,Predominantly Strong Material
MetroManila,49,5,0,Predominantly Strong Material
MetroManila,39,4,0,Predominantly Strong Material
DavaoRegion,25,3,1,Predominantly Strong Material
CentralLuzon,38,2,0,Predominantly Strong Material
MetroManila,40,5,0,Predominantly Strong Material
IlocosRegion,41,1,0,Predominantly Strong Material
Visayas,71,4,0,Predominantly Strong Material
DavaoRegion,73,1,0,Predominantly Strong Material
CentralLuzon,65,6,0,Predominantly Strong Material
IlocosRegion,41,4,0,Predominantly Strong Material
DavaoRegion,63,1,0,Predominantly Strong Material
DavaoRegion,31,0,0,Predominantly Light/Salvaged Material
Visayas,31,3,1,Predominantly Light/Salvaged Material
CentralLuzon,55,7,0,Predominantly Strong Material
CentralLuzon,62,3,1,Predominantly Strong Material
Visayas,52,2,0,Predominantly Strong Material
Visayas,53,0,0,Predominantly Strong Material
Visayas,43,9,1,Predominantly Strong Material
Visayas,74,3,0,Predominantly Strong Material
DavaoRegion,73,1,0,Predominantly Strong Material
DavaoRegion,59,2,0,Predominantly Light/Salvaged Material
MetroManila,39,3,1,Predominantly Strong Material
CentralLuzon,72,5,0,Predominantly Strong Material
Visayas,51,3,0,Predominantly Strong Material
IlocosRegion,39,6,0,Predominantly Strong Material
IlocosRegion,42,7,1,Predominantly Strong Material
Visayas,56,6,0,Predominantly Light/Salvaged Material
MetroManila,23,3,1,Predominantly Strong Material
CentralLuzon,66,1,0,Predominantly Strong Material
IlocosRegion,35,5,1,Predominantly Strong Material
Visayas,45,9,1,Predominantly Strong Material
Visayas,63,7,0,Predominantly Strong Material
MetroManila,38,7,1,Predominantly Strong Material
Visayas,55,2,0,Predominantly Light/Salvaged Material
Visayas,80,1,0,Predominantly Strong Material
MetroManila,46,4,0,Predominantly Strong Material
MetroManila,58,4,0,Predominantly Strong Material
Visayas,44,3,0,Predominantly Strong Material
Visayas,63,2,0,Predominantly Strong Material
DavaoRegion,64,10,2,Predominantly Strong Material
CentralLuzon,54,0,0,Predominantly Strong Material
IlocosRegion,52,5,0,Predominantly Strong Material
Visayas,41,6,0,Predominantly Strong Material
MetroManila,53,5,0,Predominantly Strong Material
IlocosRegion,36,5,2,Predominantly Strong Material
CentralLuzon,50,6,0,Predominantly Strong Material
Visayas,31,2,0,Predominantly Strong Material
IlocosRegion,95,2,0,Predominantly Strong Material
DavaoRegion,53,7,2,Predominantly Strong Material
MetroManila,54,4,1,Predominantly Strong Material
IlocosRegion,47,3,0,Predominantly Strong Material
MetroManila,32,3,2,Predominantly Strong Material
Visayas,31,3,2,Predominantly Strong Material
DavaoRegion,52,3,0,Predominantly Strong Material
IlocosRegion,71,5,0,Predominantly Strong Material
Visayas,76,3,0,Predominantly Strong Material
IlocosRegion,88,1,0,Predominantly Strong Material
Visayas,54,1,0,Predominantly Strong Material
MetroManila,48,3,0,Predominantly Strong Material
CentralLuzon,44,5,1,Predominantly Strong Material
MetroManila,60,7,0,Predominantly Strong Material
Visayas,57,2,0,Predominantly Strong Material
Visayas,59,11,3,Predominantly Light/Salvaged Material
IlocosRegion,48,2,1,Predominantly Strong Material
Visayas,55,2,0,Predominantly Strong Material
MetroManila,32,3,1,Predominantly Strong Material
Visayas,38,7,2,Predominantly Strong Material
MetroManila,61,2,0,Predominantly Strong Material
DavaoRegion,45,5,1,Predominantly Strong Material
Visayas,50,5,0,Predominantly Strong Material
Visayas,77,0,0,Predominantly Strong Material
Visayas,49,6,1,Predominantly Strong Material
IlocosRegion,51,6,0,Predominantly Strong Material
CentralLuzon,66,0,0,Predominantly Strong Material
Visayas,59,3,0,Predominantly Light/Salvaged Material
CentralLuzon,54,3,0,Predominantly Strong Material
Visayas,56,1,0,Predominantly Strong Material
MetroManila,70,3,0,Predominantly Strong Material
Visayas,66,1,0,Predominantly Strong Material
Visayas,44,3,0,Predominantly Strong Material
Visayas,47,5,0,Predominantly Light/Salvaged Material
Visayas,59,2,0,Predominantly Strong Material
CentralLuzon,31,2,1,Predominantly Strong Material
Visayas,51,1,0,Predominantly Strong Material
MetroManila,60,9,1,Predominantly Strong Material
MetroManila,69,3,0,Predominantly Strong Material
CentralLuzon,73,2,0,Predominantly Strong Material
IlocosRegion,58,6,0,Predominantly Strong Material
Visayas,70,0,0,Predominantly Strong Material
IlocosRegion,40,4,0,Predominantly Strong Material
Visayas,48,3,0,Predominantly Light/Salvaged Material
Visayas,31,2,1,Predominantly Strong Material
MetroManila,80,2,0,Predominantly Light/Salvaged Material
Visayas,48,2,0,Predominantly Strong Material
CentralLuzon,60,1,0,Predominantly Strong Material
Visayas,82,2,0,Predominantly Strong Material
Visayas,62,6,1,Predominantly Strong Material
MetroManila,55,3,0,Predominantly Strong Material
MetroManila,37,5,0,Predominantly Strong Material
IlocosRegion,35,4,0,Predominantly Strong Material
Visayas,37,5,0,Predominantly Strong Material
MetroManila,50,1,0,Predominantly Strong Material
Visayas,48,6,1,Predominantly Strong Material
CentralLuzon,67,5,0,Predominantly Light/Salvaged Material
DavaoRegion,29,2,0,Predominantly Strong Material
DavaoRegion,65,0,0,Predominantly Light/Salvaged Material
Visayas,33,2,0,Predominantly Strong Material
Visayas,30,2,0,Predominantly Strong Material
DavaoRegion,48,3,0,Predominantly Strong Material
MetroManila,70,3,0,Predominantly Light/Salvaged Material
Visayas,61,1,0,Predominantly Strong Material
Visayas,33,2,0,Predominantly Strong Material
IlocosRegion,57,3,0,Predominantly Strong Material
Visayas,66,2,0,Predominantly Strong Material
DavaoRegion,46,3,0,Predominantly Strong Material
DavaoRegion,41,2,0,Predominantly Strong Material
Visayas,37,3,1,Predominantly Light/Salvaged Material
DavaoRegion,50,5,0,Predominantly Strong Material
CentralLuzon,37,3,0,Predominantly Strong Material
MetroManila,45,2,0,Predominantly Strong Material
Visayas,45,4,0,Predominantly Strong Material
Visayas,54,2,0,Predominantly Strong Material
Visayas,63,0,0,Predominantly Strong Material
Visayas,43,8,0,Predominantly Strong Material
IlocosRegion,55,1,0,Predominantly Strong Material
MetroManila,47,4,1,Predominantly Strong Material
CentralLuzon,63,2,0,Predominantly Strong Material
DavaoRegion,55,4,1,Predominantly Strong Material
MetroManila,76,11,2,Predominantly Strong Material
Visayas,20,3,1,Predominantly Strong Material
MetroManila,44,10,0,Predominantly Strong Material
CentralLuzon,51,1,0,Predominantly Strong Material
MetroManila,51,4,0,Predominantly Strong Material
Visayas,68,9,1,Predominantly Strong Material
Visayas,63,3,0,Predominantly Strong Material
Visayas,53,14,2,Predominantly Strong Material
Visayas,45,6,2,Predominantly Light/Salvaged Material
IlocosRegion,69,1,0,Predominantly Strong Material
CentralLuzon,62,6,0,Predominantly Strong Material
MetroManila,60,3,0,Predominantly Strong Material
IlocosRegion,74,0,0,Predominantly Strong Material
DavaoRegion,63,1,0,Predominantly Strong Material
DavaoRegion,65,5,1,Predominantly Strong Material
Visayas,68,4,0,Predominantly Strong Material
CentralLuzon,71,5,0,Predominantly Strong Material
Visayas,45,4,0,Predominantly Strong Material
Visayas,64,0,0,Predominantly Strong Material
CentralLuzon,58,2,0,Predominantly Strong Material
CentralLuzon,70,1,0,Predominantly Light/Salvaged Material
Visayas,62,1,0,Predominantly Strong Material
MetroManila,71,6,0,Predominantly Strong Material
Visayas,46,4,0,Predominantly Strong Material
Visayas,74,4,0,Predominantly Strong Material
Visayas,58,2,0,Predominantly Strong Material
DavaoRegion,45,5,0,Predominantly Strong Material
Visayas,57,0,0,Predominantly Strong Material
Visayas,59,9,4,Predominantly Strong Material
CentralLuzon,59,4,0,Predominantly Strong Material
CentralLuzon,65,5,1,Predominantly Strong Material
CentralLuzon,75,3,0,Predominantly Strong Material
Visayas,48,9,1,Predominantly Strong Material
Visayas,65,4,1,Predominantly Strong Material
MetroManila,52,4,1,Predominantly Strong Material
IlocosRegion,55,3,0,Predominantly Strong Material
Visayas,52,2,0,Predominantly Light/Salvaged Material
Visayas,51,7,0,Predominantly Strong Material
Visayas,55,2,0,Predominantly Light/Salvaged Material
Visayas,41,4,0,Predominantly Strong Material
MetroManila,68,1,0,Predominantly Strong Material
Visayas,87,1,0,Predominantly Strong Material
DavaoRegion,51,2,0,Predominantly Strong Material
DavaoRegion,45,4,0,Predominantly Light/Salvaged Material
Visayas,33,1,0,Predominantly Strong Material
Visayas,59,3,0,Predominantly Strong Material
CentralLuzon,55,0,0,Predominantly Strong Material
CentralLuzon,22,3,1,Predominantly Strong Material
MetroManila,56,9,0,Predominantly Strong Material
IlocosRegion,76,2,0,Predominantly Strong Material
MetroManila,61,2,0,Predominantly Strong Material
IlocosRegion,75,1,0,Predominantly Strong Material
CentralLuzon,35,6,1,Predominantly Strong Material
Visayas,47,7,0,Predominantly Strong Material
MetroManila,55,6,1,Predominantly Strong Material
MetroManila,40,4,1,Predominantly Strong Material
MetroManila,46,1,0,Predominantly Strong Material
MetroManila,56,5,0,Predominantly Strong Material
Visayas,68,5,0,Predominantly Strong Material
Visayas,47,7,1,Predominantly Light/Salvaged Material
Visayas,53,6,2,Predominantly Strong Material
MetroManila,53,5,0,Predominantly Strong Material
IlocosRegion,75,1,0,Predominantly Strong Material
MetroManila,67,3,0,Predominantly Strong Material
DavaoRegion,67,1,0,Predominantly Strong Material
IlocosRegion,39,3,0,Predominantly Strong Material
IlocosRegion,82,6,0,Predominantly Strong Material
Visayas,40,3,1,Predominantly Strong Material
MetroManila,90,7,0,Predominantly Strong Material
Visayas,36,7,1,Predominantly Strong Material
CentralLuzon,53,2,0,Predominantly Strong Material
MetroManila,53,4,0,Predominantly Strong Material
CentralLuzon,39,4,0,Predominantly Strong Material
Visayas,44,4,0,Predominantly Strong Material
Visayas,78,2,0,Predominantly Light/Salvaged Material
IlocosRegion,53,4,0,Predominantly Strong Material
Visayas,41,4,0,Predominantly Light/Salvaged Material
Visayas,42,4,0,Predominantly Strong Material
Visayas,52,3,0,Predominantly Strong Material
IlocosRegion,24,1,0,Predominantly Strong Material
IlocosRegion,64,8,1,Predominantly Strong Material
DavaoRegion,65,2,0,Predominantly Strong Material
MetroManila,49,5,0,Predominantly Strong Material
Visayas,35,6,2,Predominantly Strong Material
Visayas,58,2,0,Predominantly Strong Material
IlocosRegion,58,8,1,Predominantly Strong Material
Visayas,38,4,1,Predominantly Light/Salvaged Material
Visayas,64,4,1,Predominantly Strong Material
Visayas,73,4,0,Predominantly Strong Material
IlocosRegion,55,1,0,Predominantly Strong Material
Visayas,63,3,0,Predominantly Strong Material
DavaoRegion,71,5,1,Predominantly Light/Salvaged Material
Visayas,34,3,1,Predominantly Strong Material
Visayas,47,5,1,Predominantly Strong Material
IlocosRegion,63,8,3,Predominantly Strong Material
IlocosRegion,49,5,1,Predominantly Strong Material
MetroManila,68,0,0,Predominantly Strong Material
Visayas,72,2,0,Predominantly Light/Salvaged Material
DavaoRegion,58,1,0,Predominantly Light/Salvaged Material
Visayas,45,4,0,Predominantly Strong Material
CentralLuzon,69,4,0,Predominantly Strong Material
CentralLuzon,61,4,0,Predominantly Strong Material
Visayas,46,8,1,Predominantly Strong Material
IlocosRegion,43,1,0,Predominantly Light/Salvaged Material
MetroManila,59,6,1,Predominantly Strong Material
MetroManila,29,4,1,Predominantly Strong Material
IlocosRegion,52,2,0,Predominantly Strong Material
Visayas,88,2,0,Predominantly Strong Material
DavaoRegion,55,1,0,Predominantly Strong Material
CentralLuzon,48,3,0,Predominantly Strong Material
MetroManila,64,2,0,Predominantly Strong Material
Visayas,40,5,0,Predominantly Light/Salvaged Material
CentralLuzon,31,3,2,Predominantly Strong Material
Visayas,46,5,0,Predominantly Strong Material
Visayas,30,5,1,Predominantly Light/Salvaged Material
Visayas,65,0,0,Predominantly Strong Material
Visayas,50,0,0,Predominantly Strong Material
Visayas,63,1,0,Predominantly Strong Material
Visayas,43,7,2,Predominantly Light/Salvaged Material
IlocosRegion,45,5,0,Predominantly Light/Salvaged Material
DavaoRegion,28,0,0,Predominantly Strong Material
DavaoRegion,62,3,0,Predominantly Strong Material
MetroManila,51,3,0,Predominantly Strong Material
MetroManila,32,0,0,Predominantly Strong Material
DavaoRegion,51,4,0,Predominantly Strong Material
MetroManila,73,6,0,Predominantly Strong Material
Visayas,47,2,0,Predominantly Strong Material
MetroManila,74,4,0,Predominantly Strong Material
Visayas,38,4,0,Predominantly Strong Material
Visayas,81,0,0,Predominantly Strong Material
MetroManila,25,1,0,Predominantly Strong Material
Visayas,48,8,1,Predominantly Strong Material
Visayas,39,7,1,Predominantly Light/Salvaged Material
DavaoRegion,56,5,0,Predominantly Strong Material
Visayas,38,2,0,Predominantly Strong Material
CentralLuzon,45,8,0,Predominantly Strong Material
CentralLuzon,57,2,0,Predominantly Strong Material
CentralLuzon,65,3,1,Predominantly Strong Material
Visayas,73,2,0,Predominantly Strong Material
CentralLuzon,76,3,0,Predominantly Strong Material
Visayas,85,2,0,Predominantly Strong Material
CentralLuzon,65,4,0,Predominantly Strong Material
Visayas,45,9,2,Predominantly Strong Material
IlocosRegion,41,4,0,Predominantly Strong Material
DavaoRegion,75,5,1,Predominantly Strong Material
Visayas,53,9,2,Predominantly Light/Salvaged Material
Visayas,74,2,0,Predominantly Strong Material
MetroManila,40,3,0,Predominantly Strong Material
Visayas,80,0,0,Predominantly Light/Salvaged Material
MetroManila,69,3,0,Predominantly Strong Material
CentralLuzon,37,5,1,Predominantly Strong Material
MetroManila,40,5,2,Predominantly Strong Material
CentralLuzon,51,3,0,Predominantly Strong Material
MetroManila,53,3,0,Predominantly Strong Material
CentralLuzon,48,7,1,Predominantly Strong Material
Visayas,42,4,1,Predominantly Strong Material
MetroManila,50,0,0,Predominantly Strong Material
IlocosRegion,73,2,0,Predominantly Light/Salvaged Material
CentralLuzon,51,4,0,Predominantly Strong Material
DavaoRegion,57,3,0,Predominantly Strong Material
Visayas,51,2,0,Predominantly Strong Material
CentralLuzon,62,4,0,Predominantly Strong Material
Visayas,53,5,0,Predominantly Strong Material
IlocosRegion,82,2,0,Predominantly Strong Material
IlocosRegion,73,1,0,Predominantly Strong Material
CentralLuzon,80,4,0,Predominantly Strong Material
Visayas,31,5,2,Predominantly Strong Material
Visayas,48,4,0,Predominantly Strong Material
IlocosRegion,66,7,0,Predominantly Strong Material
Visayas,64,1,0,Predominantly Strong Material
Visayas,59,7,0,Predominantly Strong Material
IlocosRegion,42,7,0,Predominantly Light/Salvaged Material
Visayas,50,2,0,Predominantly Light/Salvaged Material
Visayas,30,4,2,Predominantly Light/Salvaged Material
Visayas,83,5,2,Predominantly Strong Material
MetroManila,53,7,2,Predominantly Strong Material
CentralLuzon,60,4,0,Predominantly Strong Material
CentralLuzon,24,2,0,Predominantly Strong Material
IlocosRegion,62,4,2,Predominantly Strong Material
DavaoRegion,28,0,0,Predominantly Strong Material
IlocosRegion,73,2,0,Predominantly Strong Material
DavaoRegion,53,10,4,Predominantly Strong Material
Visayas,77,2,0,Predominantly Strong Material
MetroManila,68,0,0,Predominantly Strong Material
Visayas,58,7,0,Predominantly Strong Material
DavaoRegion,63,3,0,Predominantly Strong Material
Visayas,38,3,1,Predominantly Strong Material
Visayas,55,9,0,Predominantly Strong Material
Visayas,40,6,1,Predominantly Strong Material
Visayas,41,6,1,Predominantly Light/Salvaged Material
Visayas,38,3,1,Predominantly Strong Material
DavaoRegion,38,3,1,Predominantly Strong Material
Visayas,64,3,0,Predominantly Strong Material
Visayas,42,4,0,Predominantly Light/Salvaged Material
DavaoRegion,67,2,0,Predominantly Strong Material
MetroManila,41,5,0,Predominantly Strong Material
CentralLuzon,36,4,1,Predominantly Strong Material
DavaoRegion,76,5,1,Predominantly Strong Material
MetroManila,49,5,0,Predominantly Strong Material
CentralLuzon,47,3,0,Predominantly Strong Material
IlocosRegion,45,4,0,Predominantly Strong Material
MetroManila,34,3,1,Predominantly Strong Material
CentralLuzon,61,5,0,Predominantly Strong Material
Visayas,54,2,0,Predominantly Light/Salvaged Material
Visayas,61,6,0,Predominantly Strong Material
CentralLuzon,70,1,0,Predominantly Strong Material
Visayas,54,1,0,Predominantly Strong Material
DavaoRegion,72,6,2,Predominantly Strong Material
Visayas,39,3,1,Predominantly Strong Material
Visayas,36,2,1,Predominantly Strong Material
MetroManila,55,7,2,Predominantly Strong Material
Visayas,60,3,0,Predominantly Strong Material
Visayas,54,3,0,Predominantly Light/Salvaged Material
MetroManila,67,8,1,Predominantly Strong Material
DavaoRegion,51,6,1,Predominantly Strong Material
CentralLuzon,41,3,1,Predominantly Strong Material
Visayas,57,1,0,Predominantly Strong Material
Visayas,64,4,0,Predominantly Strong Material
MetroManila,52,5,0,Predominantly Strong Material
Visayas,27,3,2,Predominantly Strong Material
Visayas,42,3,0,Predominantly Strong Material
Visayas,27,3,2,Predominantly Light/Salvaged Material
DavaoRegion,51,8,1,Predominantly Strong Material
CentralLuzon,47,6,0,Predominantly Strong Material
Visayas,62,4,0,Predominantly Strong Material
Visayas,59,4,0,Predominantly Strong Material
Visayas,68,2,0,Predominantly Strong Material
CentralLuzon,52,3,0,Predominantly Strong Material
DavaoRegion,62,0,0,Predominantly Light/Salvaged Material
MetroManila,62,3,0,Predominantly Strong Material
Visayas,38,5,2,Predominantly Strong Material
IlocosRegion,68,7,2,Predominantly Strong Material
MetroManila,82,3,0,Predominantly Strong Material
IlocosRegion,56,7,1,Predominantly Strong Material
Visayas,37,2,0,Predominantly Strong Material
MetroManila,45,3,1,Predominantly Strong Material
MetroManila,34,4,1,Predominantly Strong Material
IlocosRegion,58,3,0,Predominantly Strong Material
IlocosRegion,78,1,0,Predominantly Strong Material
